{
    "name": "AdditionalPasteSettings",
    "version": "1.5.3",
    "title": "Additional Paste Settings (Fixed)",
    "factorio_version": "1.1",
    "author": "Origianal Author:Shirkit,  bodged by Billbo99",
    "description": "Adds additional paste settings for the game (shift+right click -> shift+left click), such as merging/combining requests at logistic chests, setting a fixed request multiplier, allow you to modify the 30 seconds vanilla behaviour and allow pasting from assemblers into inserters to set a condition on them.",
    "dependencies": [
        "base >= 1.1.0",
        "flib >= 0.10.0",
        "!attach-notes",
        "?space-exploration-postprocess"
    ]
}